category,level
Computer_science,1
Mathematics,1
Information_science,1
Computer_engineering,1
Statistics,1
Information_ethics,2
Statistics-related_lists,2
Philosophy_of_statistics,2
Mathematical_examples,2
Thesauri,2
Library_science,2
Mathematical_theorems,2
Fields_of_mathematics,2
Computer_hardware,2
Mathematical_projects,2
Information_storage,2
Data_mining,2
Computer_engineering_stubs,2
Statistics_stubs,2
Computational_fields_of_study,2
Mathematical_notation,2
Mathematical_terminology,2
Mathematical_modeling,2
Computer_architecture,2
History_of_computer_science,2
Statistical_theory,2
Computer_science_stubs,2
Philosophy_of_computer_science,2
Women_in_mathematics,2
Bibliometrics,2
Mathematics_and_art,2
Human-machine_interaction,2
Statistical_methods,2
Museum_informatics,2
Applied_statistics,2
Information_retrieval,2
Software_engineering,2
Ambient_intelligence,2
Computational_geometry,2
Unsolved_problems_in_computer_science,2
Mathematical_tools,2
Computational_statistics,2
Mathematical_concepts,2
Information_science_by_discipline,2
Mathematical_proofs,2
Knowledge_representation,2
Information_systems,2
Areas_of_computer_science,2
History_of_mathematics,2
Accessible_information,2
Mathematics-related_lists,2
Electronic_engineering,2
Knowledge_engineering,2
Mathematics_and_culture,2
Human-computer_interaction,2
Statistical_data,2
Software,2
Set_indices_on_mathematics,2
Bibliographic_databases_and_indexes,2
Pseudomathematics,2
Controlled_vocabularies,2
Infographics,2
Mathematics_stubs,2
Statistical_software,2
Computer_systems,2
Information_architecture,2
Logic_and_statistics,3
Statistical_genetics,3
Complex_systems_theory,3
Information_retrieval_genres,3
Computer_programming,3
Speech_recognition,3
Knowledge_representation_software,3
Belief_revision,3
Geometric_algorithms,3
Mathematical_logic_stubs,3
Mathematical_analysis,3
Archival_science,3
Geographic_information_systems,3
Capability_systems,3
Computer-mediated_communication,3
Data_mining_algorithms,3
Consistency_models,3
Computer_hardware_standards,3
Mathematics_timelines,3
History_of_probability_and_statistics,3
Theoretical_computer_science_stubs,3
Hilbert's_problems,3
Unified_Modeling_Language,3
Statistical_theorems,3
Visualization_(graphic),3
Computer_benchmarks,3
Power_electronics,3
Voice_technology,3
Software_testing,3
Computer_peripherals,3
Multi-agent_systems,3
Graphics_hardware,3
Mathematical_logic,3
Electronic_design,3
Video_storage,3
Mathematics_of_infinitesimals,3
Non-uniform_random_numbers,3
Free_statistical_software,3
Software_industry,3
Public_transport_information_systems,3
Software_by_programming_language,3
History_of_computing_hardware,3
Statistical_natural_language_processing,3
Theorems_in_analysis,3
Automata_(computation),3
Elementary_mathematics,3
Motherboard,3
Knowledge_bases,3
Variance_reduction,3
Biostatistics,3
Computer_hardware_tuning,3
Ontology_(information_science),3
Distributed_element_circuits,3
Theorems_in_discrete_mathematics,3
Social_statistics,3
Operating_system_kernels,3
Formal_specification_languages,3
Formal_methods_terminology,3
Information_retrieval_evaluation,3
Statistical_programming_languages,3
Library_of_Congress_Classification,3
Mathematics-related_topics_in_popular_culture,3
Recommender_systems,3
Order_theory,3
Software_engineering_stubs,3
Mereology,3
Theorems_in_algebra,3
Notation,3
Statistical_inequalities,3
Hardware_verification_languages,3
Probability_interpretations,3
Embedded_systems,3
Argument_mapping,3
Software_requirements,3
History_of_human-computer_interaction,3
Catalogues,3
Statistical_principles,3
Monte_Carlo_methods,3
Algebra,3
Interoperability,3
Interrupts,3
Statistical_survey_software,3
Open_access_(publishing),3
Programming_language_theory,3
Conjectures_that_have_been_proved,3
Cellular_automata,3
Flexible_electronics,3
Audio_amplifier_specifications,3
Mathematical_relations,3
Semantic_Web,3
Database_theory,3
Historiography_of_mathematics,3
Computational_physics,3
Statistical_tests,3
Smart_bands,3
Computational_anatomy,3
Mathematics_by_culture,3
Vital_statistics,3
Computer_accessibility,3
History_of_calculus,3
Geometry_stubs,3
Statistical_inference,3
Lemmas,3
Computational_biology,3
Probability_distributions,3
Philosophy_of_artificial_intelligence,3
History_of_logic,3
Index_(publishing),3
Formal_methods,3
Mathematical_identities,3
Topology_stubs,3
Computational_complexity_theory,3
Statistical_data_types,3
Recreational_mathematics,3
Calculators,3
Digital_electronics,3
Scholarly_databases,3
Internet_of_things,3
Basic_concepts_in_set_theory,3
Computational_chemistry,3
Theory_of_computation,3
Information_retrieval_techniques,3
Mathematical_humor,3
Lexical_databases,3
Operating_systems,3
Analog_circuits,3
Bibliographic_databases_in_engineering,3
Flynn's_taxonomy,3
Econometrics_stubs,3
Software_logos,3
Air_traffic_control_systems,3
Multimodal_interaction,3
Graph_drawing,3
Library_science_terminology,3
Mathematics_competitions,3
Algorithms_and_data_structures,3
Asymptotic_theory_(statistics),3
Mathematical_axioms,3
Inequalities,3
Software_engineering_terminology,3
Mathematical_analysis_stubs,3
Formal_methods_stubs,3
Computer-assisted_proofs,3
Operating_system_stubs,3
Symbols,3
Topology,3
Statistical_algorithms,3
Electrical_diagrams,3
Computer_hardware_cooling,3
Retail_POS_systems,3
Computer_arithmetic,3
Software_quality,3
Econometric_modeling,3
Software_maintenance,3
Knowledge_representation_languages,3
Responsive_web_design,3
Legacy_systems,3
Design_of_experiments,3
Natural_language_and_computing,3
Statistical_databases,3
Mathematical_optimization,3
Statistical_paradoxes,3
Probability_theorems,3
Fault-tolerant_computer_systems,3
Computer_data_storage,3
Microprocessors,3
Bayesian_statistics,3
Virtual_reality,3
Mathematical_tables,3
Sampling_(statistics),3
Artificial_neural_networks,3
Soft_computing,3
Markov_chain_Monte_Carlo,3
Dewey_Decimal_Classification,3
Database_stubs,3
Networking_hardware,3
Graph_theory,3
Theorems_in_number_theory,3
Applied_mathematics,3
Computer_enclosure,3
Programming_language_topics,3
Article_proofs,3
Library_automation,3
History_of_algebra,3
User_interfaces,3
Statistical_models,3
Mathematical_problems,3
Electronics_substrates,3
Computational_electromagnetics,3
Software_projects,3
Software_development,3
Mathematical_principles,3
Graphical_projections,3
Theorems_in_mathematical_physics,3
Proof_theory,3
Foundations_of_mathematics,3
Statistical_data_agreements,3
Satellite_navigation_systems,3
Citation_metrics,3
Pictograms,3
Game_theory,3
Statistical_randomness,3
Human-based_computation,3
Computational_fluid_dynamics,3
Proof_techniques,3
Decision_support_systems,3
Applied_data_mining,3
Software_metrics,3
Digital_signal_processing,3
Computer_real-time_clocks,3
History_of_geometry,3
Number_theory,3
Political_campaign_technology,3
Behavior_modelling,3
Environmental_statistics,3
Hardware_description_languages,3
Clock_signal,3
Information_retrieval_systems,3
Video_hardware,3
Semantic_desktop,3
Mathematics_and_mysticism,3
Combinatorics_stubs,3
Cluster_analysis,3
Statistical_analysis,3
Network_architecture,3
Brain-computer_interfacing,3
Computer_architects,3
Data_miners,3
Automated_theorem_proving,3
Computer_hardware_logos,3
Library_resources,3
Software_by_operating_system,3
Algebra_stubs,3
Ultra-dense_servers,3
Instruction_processing,3
History_of_electronic_engineering,3
Theorems_in_topology,3
Video_game_hardware,3
Statistical_laws,3
Cryptography_stubs,3
Arithmetic,3
Interactive_evolutionary_computation,3
Theorems_in_propositional_logic,3
Microformats,3
Discrete_mathematics,3
IBM_PC_compatibles,3
Library_management,3
Proprietary_hardware,3
Convex_hull_algorithms,3
Digital_systems,3
Digital_humanities,3
Statistical_data_sets,3
Software_comparisons,3
Dimension_reduction,3
Data_management,3
Information_theory,3
Statistical_mechanics,3
Graphs_(images),3
Estimation_methods,3
Theoretical_computer_science,3
Tessellation,3
Software_engineering_folklore,3
Sequential_methods,3
Software_architecture,3
Geostatistics,3
Two-port_networks,3
Chaos_theory,3
Computational_science,3
Calculus,3
Computer_security,3
Graphical_concepts_in_set_theory,3
Solid_state_engineering,3
Triangulation_(geometry),3
Expert_systems,3
Geometric_data_structures,3
Algorithms,3
Statistical_data_transformation,3
Articles_containing_proofs,3
Centralized_computing,3
Distributed_stream_processing,3
Coordinate_systems,3
Health_informatics,3
Applied_mathematics_stubs,3
Graphics_processing_units,3
Display_technology,3
Usability,3
Mathematics_by_period,3
Geometry,3
Hardware_partitioning,3
Diagrams,3
Theorems_in_the_foundations_of_mathematics,3
Bibliographic_databases_in_computer_science,3
Software_for_modeling_software,3
Statistical_charts_and_diagrams,3
Microarchitectures,3
Software_features,3
Operating_systems_by_architecture,3
Charts,3
Electronic_circuits,3
Computer_buses,3
Artificial_intelligence_stubs,3
Experimental_mathematics,3
Computational_neuroscience,3
Library_2.0,3
Mathematical_theorems_in_theoretical_computer_science,3
Historians_of_mathematics,3
Regression_and_curve_fitting_software,3
Computational_archaeology,3
Directional_statistics,3
Mathematical_objects,3
Mathematical_structures,3
Broadcast_engineering,3
Library_history,3
Semiconductors,3
Book_review,3
Web_development,3
Algorithmic_art,3
Instruction_set_architectures,3
Computer_graphics,3
Computer_hardware_clones,3
Intelligent_transportation_systems,3
High-level_language_computer_architecture,3
Minimum_Information_Standards,3
Software_by_type,3
Disability_software,3
Data_mining_and_machine_learning_software,3
Citation_indices,3
Mathematics_of_music,3
Dynamical_systems,3
Power_supplies,3
Central_processing_unit,3
Representation_theory,3
Technical_drawing,3
Algorithms_and_data_structures_stubs,3
Ubiquitous_computing,3
Classes_of_computers,3
Network_access,3
Directories,3
Mathematical_symbols,3
Mathematical_typefaces,3
Distributed_computing_architecture,3
Library_cataloging_and_classification,3
World_Wide_Web,3
Specification_languages,3
Events_(computing),3
Proof_without_words,3
Software_patent_law,3
Hardware_bugs,3
Computer_architecture_statements,3
Fermat's_Last_Theorem,3
Fundamental_theorems,3
Process_mining,3
Statistical_approximations,3
Number_stubs,3
Combinatorics,3
Theorems_in_geometry,3
Computer_errors_messages,3
Cheminformatics,3
Bioinformatics,3
Statistical_data_coding,3
Preservation_(library_and_archival_science),3
Bibliographic_database_providers,3
Software_design,3
Z_notation,3
Automatic_identification_and_data_capture,3
Library_science_scholars,3
Open-source_hardware,3
Version_control,3
Engineering_statistics,3
History_of_software,3
Affective_haptics,3
Electrical_circuits,3
Computational_mathematics,3
Software_by_library_used,3
Software_by_license,3
Mathematical_markup_languages,3
Theorems_in_dynamical_systems,3
Heterogeneous_computing,3
Concurrency_(computer_science),3
Numeral_systems,3
Hardware_virtualization,3
Software_distribution,3
Probability_stubs,3
SVG_electrical_symbols,3
Number_theory_stubs,3
Software_add-ons,3
Computational_linguistics_stubs,3
Mathematical_software,3
Computer_memory,3
Artificial_life,3
Color_appearance_models,3
Storage_media,3
Category_theory_stubs,3
Artificial_intelligence,3
Information_management,3
Recording,3
Plotting_software,3
Internet_search,3
Integrated_circuits,3
Advanced_RISC_Computing,3
Vector_space_model,4
Digital_marketing,4
Bada_software,4
Ranking_functions,4
Division_(mathematics),4
Telehealth,4
Gecko-based_software,4
Data-centric_programming_languages,4
Smart_TV,4
AmigaOS_4_software,4
Language_modeling,4
Telerehabilitation,4
Pseudo-polynomial_time_algorithms,4
Multivariable_calculus,4
Additive_combinatorics,4
Lisp-based_operating_systems,4
Wireless_networking_hardware,4
Error_detection_and_correction,4
Biovisualization_software,4
Bridge_circuits,4
Program_transformation,4
Location-based_software,4
OCLC,4
Concurrent_algorithms,4
Home_automation,4
Mass_digitization,4
Theorems_in_harmonic_analysis,4
18-bit_computers,4
Database_normalization,4
Computational_linguistics,4
Digital_signal_processors,4
GNSS_satellites,4
Large_deviations_theory,4
Novell_NetWare,4
Web_directories,4
MeeGo_software,4
Logic_design,4
Screen_magnifiers,4
Biological_sequence_format,4
Web_archiving_initiatives,4
Unified_Modeling_Language_diagrams,4
Limits_(mathematics),4
Cybernetics,4
Clustering_criteria,4
Telepresence,4
Algorithmic_information_theory,4
IOS_software,4
Operating_system_security,4
Web_conferencing,4
Computational_resources,4
Reliability_engineering,4
Text_user_interface,4
Network-attached_storage,4
System_calls,4
Change_detection,4
Cloud_robotics,4
Q-analogs,4
Magic_squares,4
Virtual_assistants,4
Unified_Extensible_Firmware_Interface,4
Clifford_algebras,4
Routing_algorithms,4
Compact_disc,4
Game_theory_game_classes,4
Software_that_uses_GStreamer,4
Statistical_signal_processing,4
Data_mapping,4
Optimization_algorithms_and_methods,4
Complexity_classes,4
Computer_network_security,4
Calendar_algorithms,4
Latin_squares,4
Classification_algorithms,4
Fiber_optics,4
Natural_computation,4
Structured_storage,4
Algebraic_structures,4
Mac_OS_software,4
Color_depths,4
Preloading_and_prebinding,4
Modchips,4
Public-domain_software,4
Perturbation_theory,4
Evidence-based_medicine,4
Moment_(mathematics),4
Agent-based_programming_languages,4
Unified_communications,4
Geometric_graph_theory,4
Symbolic_dynamics,4
Artificial_intelligence_applications,4
Diagramming_software,4
Bayesian_inference,4
Concurrency_control,4
HTML,4
Non-volatile_memory,4
Vaporware,4
Tilings_by_order,4
Ethernet_cables,4
Differential_operators,4
Mathematical_databases,4
Matrices,4
Multi-dimensional_geometry,4
Version_control_systems,4
Cell_BE_architecture,4
Ratios,4
Time_series_statistical_tests,4
Data_quality,4
Sampling_techniques,4
Cloud_storage,4
Addition,4
Graph_algorithms,4
Roku_software,4
Electronic_filter_topology,4
Cryptographic_algorithms,4
Database_algorithms,4
Geometric_shapes,4
BeOS_software,4
Chemical_databases,4
Diophantine_approximation,4
Robust_statistics,4
Gesture_recognition,4
Bulletin_board_systems,4
Magnetic_Core_Memory_computers,4
Object-oriented_database_management_systems,4
Synchronous_programming_languages,4
Microprocessors_by_instruction_set_architecture,4
VESA,4
Simultaneous_equation_methods_(econometrics),4
Uninterruptible_power_supply,4
Quantum_algorithms,4
SPARC_microprocessor_architecture,4
Supercomputers,4
Graphing_calculators,4
Approximation_algorithms,4
Quantum_Monte_Carlo,4
Non-classical_logic,4
Random_graphs,4
Software_anomalies,4
ARMv5_microarchitectures,4
Local_loop,4
Logic_puzzles,4
Pursuit-evasion,4
Software_development_process,4
I/O_Chips,4
Computer_keyboards,4
Semiregular_tilings,4
Source_code_generation,4
Hypertext,4
PCMCIA,4
Clients_(computing),4
Indoor_positioning_system,4
Theorems_in_approximation_theory,4
Machine_learning,4
Orientation_(geometry),4
Programming_language_design,4
Modular_arithmetic,4
Series_expansions,4
Systems_of_probability_distributions,4
Hexadecimal_numeral_system,4
Theorems_about_prime_numbers,4
Upcoming_integrated_circuits,4
Maximum_likelihood_estimation,4
Network_software_comparisons,4
Biological_databases,4
Turing_tests,4
CP/M_software,4
Online_chat,4
Planar_graphs,4
Programmable_calculators,4
Unix_history,4
Cloud_computing,4
Live_coding,4
Sieve_theory,4
Incremental_computing,4
Programming_languages,4
Computer_security_software,4
Web_syndication,4
Infinitely_divisible_probability_distributions,4
Sensor_network,4
Texture_mapping,4
Statistical_process_control,4
General_topology,4
Prime_numbers,4
Anti-patterns,4
Interactive_geometry_software,4
Homebrew_software,4
Electro-mechanical_computers,4
Middleware,4
Medical_scoring_system,4
Digit-by-digit_algorithms,4
Normality_tests,4
Graphical_models,4
OpenVMS_software,4
Neural_coding,4
Backup,4
Percolation_theory,4
Computer_display_standards,4
Diagram_images,4
Meta-analysis,4
Full_text_scholarly_databases,4
Regression_models,4
Directory_services,4
Voice_over_IP,4
Game_theory_equilibrium_concepts,4
Discrete_transforms,4
R-tree,4
Enterprise_architecture,4
Computational_learning_theory,4
Computer-aided_design,4
Real-time_web,4
Email,4
Pitch_modification_software,4
Program_logic,4
Computational_problems_in_graph_theory,4
Game_design,4
Sequential_experiments,4
Hyperbolic_tilings,4
Storage_systems,4
Checksum_algorithms,4
Quantum_complexity_theory,4
Optotypes,4
Integers,4
Software_based_on_WebKit,4
Euclidean_tilings,4
Celestial_coordinate_system,4
OS/2_software,4
Telecommuting,4
MorphOS_software,4
Software_that_uses_S-Lang,4
Data_publishing,4
Extensions_and_generalizations_of_graphs,4
Cellular_automaton_patterns,4
Usage_share,4
Computer_security_exploits,4
Database_software_comparisons,4
Database_constraints,4
Serial_buses,4
Screensavers,4
Vector_graphics,4
Index_numbers,4
Mathematical_psychology,4
Wikis,4
Binary_arithmetic,4
Theorems_in_combinatorics,4
Turing_machine,4
Tracking,4
Theorems_in_complex_geometry,4
Pareto_efficiency,4
Physical_computing,4
Medical_monitoring,4
E-commerce,4
Architecture_description_language,4
Personal_information_managers,4
Theorems_in_general_relativity,4
Speech_synthesis,4
Access_control,4
Stochastic_models,4
Semiconductor_analysis,4
Adders_(electronics),4
Lattice_theory,4
Pattern_matching,4
Bioinformatics_algorithms,4
Spreadsheet_software,4
Aperiodic_tilings,4
C++_software,4
Relational_algebra,4
Convex_optimization,4
Chemical_formulas,4
Sensitivity_analysis,4
Quantum_information_science,4
Formal_specification,4
Numerical_climate_and_weather_models,4
Operating_system_comparisons,4
Telephone_exchanges,4
Dependently_typed_languages,4
Apple_II_software,4
Real-time_computing,4
Web_security_exploits,4
Symmetry,4
Software_that_uses_Tk,4
Combinatorial_optimization,4
Digital_registers,4
Web_analytics,4
Metadata,4
Web_2.0,4
Accessibility_API,4
Probability_fallacies,4
Data_structures,4
Representation_theory_of_groups,4
Fingerprinting_algorithms,4
Servers_(computing),4
Tauberian_theorems,4
Simulcasts,4
Data_centers,4
Data_security,4
Software_modeling_language,4
Concept_mapping_software,4
Matroid_theory,4
Ajax_(programming),4
Linear_programming,4
Oscillation,4
Quadratic_forms,4
Theorems_in_theory_of_computation,4
Sorting_algorithms,4
Mathematical_analysts,4
Memory_management,4
Pseudorandom_number_generators,4
Data_analysis,4
Video_game_platforms,4
Document-oriented_databases,4
Web_technology,4
Signal_estimation,4
TvOS_software,4
Programming_language_concepts,4
Statistical_hypothesis_testing,4
History_of_robotics,4
Social_media,4
Vector_supercomputers,4
Computable_analysis,4
Topological_algebra,4
Coding_theory,4
Home_computer_peripherals,4
"Extract,_transform,_load_tools",4
Theorems_in_projective_geometry,4
Semiconductor_properties,4
Robot_operating_systems,4
Algorithmic_complexity_attacks,4
Sound_cards,4
Mobile_security,4
Nyaya,4
R_(programming_language),4
Matrix_multiplication_algorithms,4
Large-scale_mathematical_formalization_projects,4
ASCII_art,4
Web_archiving,4
Medical_expert_systems,4
Quantum_computing,4
Algebraic_logic,4
Debugging,4
Ramsey_theory,4
Model_checking,4
Domain_theory,4
Mechanism_design,4
Computational_problems,4
Digital_media,4
OS/2,4
Arithmetic_functions,4
Malware,4
Artificial_immune_systems,4
Directory_assistance_services,4
Computer_security_procedures,4
Undecidable_problems,4
Automotive_navigation_systems,4
Enumerative_combinatorics,4
Web_services,4
Set_families,4
Analysis_of_algorithms,4
RAID,4
Mesh_generation,4
Netflix,4
Finite_automata,4
Python_software,4
Measures_of_complexity,4
Integral_geometry,4
Theorems_in_complex_analysis,4
Object-oriented_operating_systems,4
Functions_and_mappings,4
Calculator_technologies,4
Web_browser_comparisons,4
Lambda_calculus,4
Theorems_in_real_analysis,4
Decision-making_software,4
Strongly_NP-complete_problems,4
Package_management_systems,4
Population_models,4
Online_service_providers,4
Geometers,4
Semiconductor_packages,4
Texture_filtering,4
Programming_language_syntax,4
Operating_system_APIs,4
Academic_programming_languages,4
PowerPC_mainboards,4
Compatibility_cards,4
Finger-counting,4
Theorems_in_convex_geometry,4
Theorems_in_algebraic_topology,4
Programming_contests,4
Gateway/routing/firewall_distribution,4
Application_software,4
Guidance_computers,4
Grid_computing,4
Oscillators,4
Computer_graphic_techniques,4
Legacy_hardware,4
Programming_constructs,4
Yellow_pages,4
Theorems_in_discrete_geometry,4
Computer_security_models,4
Software_wars,4
Chemistry_software,4
Window-based_operating_systems,4
Haskell_software,4
Computer_vision,4
Distributed_computing_projects,4
Langlands_program,4
IoT_malware,4
Triplestores,4
Databases,4
Death_indexes,4
Input/output,4
Virtual_reality_headsets,4
Combinatorial_algorithms,4
Portable_software,4
Acoustic_fingerprinting,4
Mind-mapping_software,4
Supercomputer_operating_systems,4
Intel_microarchitectures,4
Chaotic_maps,4
Combinatorics_on_words,4
Fixed-point_theorems,4
Chipsets,4
Bug_and_issue_tracking_software,4
Electromechanical_calculators,4
Mathematical_finance,4
Software_project_management,4
Virtual_avatars,4
Transactional_memory,4
Equations,4
NewSQL,4
Bioinformatics_software,4
Incidence_geometry,4
Memory_management_algorithms,4
Concurrent_computing,4
Matching,4
Rankings,4
Homeomorphisms,4
Category_theory,4
Embedded_microprocessors,4
Provability_logic,4
Choice_modelling,4
Graph_databases,4
Evolutionary_game_theory,4
Wearable_computers,4
Infinity,4
Telemedicine,4
Resampling_(statistics),4
Cognitive_inertia,4
BlackBerry_software,4
Cellular_automaton_rules,4
Data_management_software,4
Models_of_computation,4
Graphical_user_interfaces,4
Randomized_algorithms,4
Graph_operations,4
Medical_software,4
IBM_mainframe_software,4
Modular_forms,4
Audiovisual_connectors,4
Molecular_geometry,4
RDS,4
Ordered_algebraic_structures,4
Computer_arithmetic_algorithms,4
Cryptography_contests,4
Radio_technology,4
Video_cards,4
System_description_languages,4
Arts_databases,4
Video,4
Theorems_in_quantum_physics,4
Multiplicative_functions,4
Positional_numeral_systems,4
Ada_(programming_language),4
Layout_(computing),4
Sony_semiconductors,4
Decomposition_methods,4
Onboard_computers,4
Microkernel-based_operating_systems,4
Radio_direction_finding,4
Enterprise_application_integration,4
Statistical_field_theories,4
Coprocessors,4
BSD_software,4
Temporal_logic,4
Communication_circuits,4
Haptic_technology,4
Indexes,4
Universal_algebra,4
Data_visualization_software,4
Statistical_physics,4
Differential_topology,4
Auditory_displays,4
Geometric_inequalities,4
Bargaining_theory,4
Fractions_(mathematics),4
Analytic_geometry,4
Plots_(graphics),4
Web_design,4
Formal_systems,4
Software_release,4
Software_documentation,4
Missing_data,4
Web_programming,4
SGI_visualization,4
Model_selection,4
Software_testing_tools,4
Module_theory,4
Online_catalogues,4
Mozilla_add-ons,4
Speaker_recognition,4
Usability_inspection,4
Network_performance,4
Domain-specific_knowledge_representation_languages,4
Sumsets,4
Environmental_indices,4
Single-board_computers,4
Electromagnetic_simulation_software,4
Metric_geometry,4
Fortran_software,4
Transformation_(function),4
Botnets,4
Linear_integrated_circuits,4
Xbox_One_software,4
Inverse_problems,4
Visual_programming,4
Recurrence_relations,4
Topological_graph_theory,4
Scientific_databases,4
Network_appliances,4
Open-source_mobile_phones,4
Computer_graphics_algorithms,4
Interfaces,4
Trigonometry,4
Digital_topology,4
Deterministic_global_optimization,4
Apeirogonal_tilings,4
Semantic_wikis,4
Operating_system_advocacy,4
Elementary_number_theory,4
Predicate_logic,4
SGI_graphics,4
Non-English-based_programming_languages,4
Palm_OS_software,4
Interoperable_communications,4
Pseudorandomness,4
C_software,4
Internet_ages,4
Econometric_models,4
Cluster_analysis_algorithms,4
VHS,4
Atari_ST_software,4
Differential_calculus,4
Categorical_data,4
Procedural_generation,4
Software_programmed_in_Java_(programming_language),4
Stereoscopy,4
Theorems_in_graph_theory,4
MIPS_architecture,4
Avionics_computers,4
Validity_(statistics),4
Computer_memory_form_factor,4
Unix_signals,4
Estimation_theory,4
Programming_language_comparisons,4
Unix,4
Process_calculi,4
Information_visualization,4
Network_acceleration,4
Renormalization_group,4
Operating_system_technology,4
Circuit_theorems,4
Neuroinformatics,4
Elementary_algebra,4
Generalized_convexity,4
Image_sensors,4
Limit_sets,4
Web_development_software,4
Data_partitioning,4
Web_standards,4
Invariant_theory,4
ARMv7-A_microarchitectures,4
Convex_analysis,4
Quasirandomness,4
Automotive_software,4
Perspective_projection,4
Radio-frequency_identification,4
Optimal_control,4
Optical_discs,4
Surveys,4
Packing_problems,4
Videotape,4
Computer-assisted_translation,4
Truncated_tilings,4
Software_licenses,4
Statistical_classification,4
Geometry_processing,4
Systems_of_units,4
36-bit_computers,4
Circuit_complexity,4
Intelligent_transportation_system_sensor,4
Computing_timelines,4
Design_theory,4
Units_of_information,4
Network_protocols,4
Modems,4
Mac_OS,4
GNOME_Accessibility,4
Mathematical_chemistry,4
Asymptotic_analysis,4
Troff,4
Nonparametric_Bayesian_statistics,4
C_Sharp_software,4
Broadcasting_standards,4
Algebraic_geometry,4
Graphics_chips,4
Parameterized_complexity,4
Agent-oriented_programming_languages,4
Electronic_calculators,4
Computational_group_theory,4
Open_data,4
Static_program_analysis_tools,4
Diagram_algebras,4
Nonlinear_systems,4
Computer_logging,4
Software_optimization,4
Instruction_Pipeline_Architecture_computer,4
Noncommutative_geometry,4
Digital_geometry,4
Computer_access_control,4
Web_desktops,4
Electronic_paper_technology,4
Software_programmed_in_BASIC,4
High_dynamic_range,4
Data_differencing,4
Information_appliances,4
PLC_Internet_access,4
Cathode_ray_tube,4
Auctions,4
Storage_virtualization,4
Information_technology_management,4
Neurotechnology,4
Stochastic_optimization,4
Differential_geometry,4
Cloud_gaming,4
Robots,4
Image_processing,4
Algorithm_description_languages,4
Disk_operating_systems,4
Arcade_hardware,4
Voter_databases,4
Virtual_reality_communities,4
Solaris_software,4
Censuses,4
Time-sharing_operating_systems,4
Code_refactoring,4
Emoticons,4
Topological_spaces,4
Graphics_standards,4
Data_modeling,4
Triangular_tilings,4
Low-dimensional_topology,4
Hardware_routers,4
Fixed_points_(mathematics),4
Laserdisc,4
Continuous_mappings,4
Text_editor_comparisons,4
HSA_Foundation,4
Timing_in_electronic_circuits,4
Single-platform_software,4
Microkernels,4
Graph_drawing_software,4
Cellular_automaton_software,4
Squaring_the_circle,4
Evolutionary_algorithms,4
Functional_equations,4
Emoji,4
Ontology_languages,4
Shading,4
Health_software,4
IT_risk_management,4
Java_platform_software,4
Probability_and_statistics,4
Microlocal_analysis,4
Affective_computing,4
Isogonal_tilings,4
GEM_software,4
Descriptive_complexity,4
Mainframe_computers,4
Institutional_repository_software,4
Thermodynamic_systems,4
External_memory_algorithms,4
Security_software,4
Engine_control_systems,4
Model_theory,4
Real-time_operating_systems,4
Heuristic_algorithms,4
Computer_terminals,4
Hazard_scales,4
Persistence,4
Memory_expansion,4
Data_coding_framework,4
Optimization_in_vector_spaces,4
Query_languages,4
Cohort_study_methods,4
Distributed_operating_systems,4
Database_models,4
Asymptotic_geometric_analysis,4
Geometric_objects,4
Semiconductor_IP_cores,4
Invariant_subspaces,4
GitHub,4
Theorems_in_calculus,4
MIPS_operating_systems,4
Mechanical_puzzles,4
Application-specific_integrated_circuits,4
Monochrome_Display_Adapter,4
Cryptographic_software,4
.NET_Framework_software,4
Software_written_primarily_in_assembly_language,4
Semantic_HTML,4
Remote_desktop,4
Reconfigurable_computing,4
Discrete_distributions,4
Denotational_semantics,4
Limits_of_computation,4
Petri_nets,4
Routers_(computing),4
Theorems_in_abstract_algebra,4
Entropy_and_information,4
Mathematics_of_computing,4
Systems_Network_Architecture,4
Variational_analysis,4
Abstract_algebra,4
Computational_chemistry_software,4
Compactification,4
Hall_effect,4
MIDI_standards,4
Stability_theory,4
Theorems_in_differential_topology,4
Insignia,4
Model_checkers,4
Monolithic_kernels,4
Norms_(mathematics),4
Root-finding_algorithms,4
Projectors,4
Upcoming_software,4
FFT_algorithms,4
Self-hosting_software,4
Tiling_puzzles,4
Software_review,4
Source_code,4
Logic_in_computer_science,4
Symbian_software,4
Inter-process_communication,4
Covering_lemmas,4
Vala_software,4
Compactness_theorems,4
Global_Positioning_System,4
Non-Newtonian_calculus,4
Software_forks,4
Microarrays,4
Time-frequency_analysis,4
Machine_translation,4
Logic_programming,4
Phase_transitions,4
Software_analysis_patterns,4
Factorial_and_binomial_topics,4
Robotics,4
Formal_languages,4
Detection_theory,4
Library_circulation,4
Networking_algorithms,4
Electronic_amplifiers,4
Fibre_Channel,4
Critical_phenomena,4
Badges,4
Ordinal_numbers,4
Artificial_Intelligence_existential_risk,4
Electronic_structure_methods,4
Web_accessibility,4
BeOS,4
Network_operating_systems,4
Unit_testing,4
Peer-to-peer_computing,4
Mesh_networking,4
Search_engine_software,4
Self-dual_tilings,4
Object_storage,4
Amiga_software,4
Thin_film_deposition,4
Molecular_topology,4
Mobile_telephone_broadcasting,4
Monte_Carlo_software,4
Web_hosting,4
Dynamic_programming,4
Dependently_typed_programming,4
Mathematical_induction,4
Random_dynamical_systems,4
Counting_instruments,4
Programming_principles,4
Causal_diagrams,4
Computer_languages,4
Data_synchronization,4
Data_warehousing,4
Computer_security_standards,4
MPEG,4
Programming_language_semantics,4
Time-sharing,4
Pentagonal_tilings,4
Computer_connectors,4
Girih,4
Geometric_measurement,4
Floppy_disk-based_operating_systems,4
Algebraic_number_theory,4
Measure_theory,4
Folksonomy,4
Optimization_of_ordered_sets,4
Boolean_algebra,4
Algebras,4
Stable_distributions,4
Numerals,4
Electronic_health_records,4
Lua_software,4
Real_analysis,4
Hypercomputation,4
Personalized_search,4
Means,4
Microcontrollers,4
Applied_probability,4
NoSQL,4
Non-volatile_random-access_memory,4
Pi,4
Duality_theories,4
Thin_clients,4
Metadata_registry,4
Lisp_software,4
Square_tilings,4
Computer_algebra_systems,4
Honeycombs_(geometry),4
MIPS_implementations,4
Probabilistic_software,4
Structural_complexity_theory,4
High-availability_cluster_computing,4
Cross-sectional_analysis,4
Complex_analysis,4
Metaheuristics,4
Cluster_computing,4
Solid-state_chemistry,4
Software_delivery_methods,4
Graph_invariants,4
ARM_architecture,4
Video_compression_and_decompression_ASIC,4
Theorems_in_functional_analysis,4
Multidimensional_signal_processing,4
Teleconferencing,4
Stochastic_processes,4
Mathematical_physics,4
Trusted_computing,4
Computer_forensics,4
AI_accelerators,4
Harmonic_analysis,4
Probability_bounds_analysis,4
Compound_probability_distributions,4
Software_distribution_platforms,4
Actuarial_science,4
Formal_methods_tools,4
Theorems_in_computational_complexity_theory,4
Graph_coloring,4
Informal_estimation,4
Mobile_operating_systems,4
Information_governance,4
Isotoxal_tilings,4
Decimal_computers,4
GIS_software,4
WatchOS_software,4
Manifolds,4
Similarity_and_distance_measures,4
Massively_parallel_computers,4
Factor_analysis,4
Numerical_software,4
Image_search,4
Discrete_geometry,4
Screen_readers,4
Embedded_operating_systems,4
Partition_functions,4
Mixed_reality,4
Thermodynamic_entropy,4
Instruction_set_listings,4
Storage_software,4
Synthetic_biology,4
Clinical_data_management,4
Selection_algorithms,4
Unix_software,4
Nvidia_microarchitectures,4
Open-source_computing_hardware,4
Computer_security_qualifications,4
Central_limit_theorem,4
Permutations,4
Random_number_generation,4
Encodings,4
Internet_access,4
Subtraction,4
Speech_recognition_software,4
Motherboard_expansion_slot,4
Variables_(mathematics),4
Cisco_products,4
Vacuum_tube_displays,4
Heterogeneous_System_Architecture,4
Video_hosting,4
Lattice_models,4
Graphics_software,4
Program_derivation,4
Peripheral_Component_Interconnect,4
Theorems_in_algebraic_geometry,4
MOS_Integrated_Circuits,4
Control_engineering,4
Linear_algebra,4
Elementary_arithmetic,4
Network_theory,4
Software_design_patterns,4
Open_source_artificial_intelligence,4
Substring_indices,4
Theorems_in_differential_geometry,4
Probability_distributions_with_non-finite_variance,4
Videotex,4
Descriptive_geometry,4
Extreme_value_data,4
U-statistics,4
Video_signal,4
TeX,4
Proprietary_software,4
Communication_software,4
Logic_families,4
Natural_language_processing,4
Formula_editors,4
Network_addressing,4
Chess_theory,4
Sheaf_theory,4
Data_unit,4
Console_applications,4
RISC_OS_software,4
Web_animation,4
Mathematical_series,4
Combinatorial_game_theory,4
Trust_(computing),4
One-of-a-kind_computers,4
Theorems_in_analytic_number_theory,4
Monte_Carlo_methods_in_finance,4
Probability_problems,4
Computability_theory,4
Open_microprocessors,4
Foundations_of_geometry,4
Basic_concepts_in_infinite_set_theory,4
Fuzzy_logic,4
Graph_theory_objects,4
Amiga_development_software,4
Digital_preservation,4
Non-classical_analysis,4
Graph_connectivity,4
Distributed_algorithms,4
Bifurcation_theory,4
Theorems_in_representation_theory,4
Software_that_uses_wxWidgets,4
Estimation_of_densities,4
Conjugate_prior_distributions,4
MathML,4
Independence_results,4
Theorems_in_algebraic_number_theory,4
Gate_arrays,4
GLONASS,4
Set_theory,4
Domain_name_system,4
Game_artificial_intelligence,4
Graph_rewriting,4
Chip_carriers,4
Hexagonal_tilings,4
Wii_software,4
Diacritics,4
Terminal_emulators,4
Entropy,4
Organic_solar_cells,4
Type_theory,4
Algebraic_topology,4
Molecular_dynamics,4
Relaxation_(approximation),4
Architectural_pattern_(computer_science),4
Continued_fractions,4
Web_Science,4
Microcomputers,4
Power_operating_systems,4
Analytic_number_theory,4
Multi-monitor,4
Homogeneous_spaces,4
Network_topology,4
Cache_coherency,4
Digital_circuits,4
Nanokernels,4
ExpressCards,4
Digital_humanities_projects,4
AT_Attachment,4
Electronic_design_automation,4
Video_processing,4
Analog_computers,4
Information_privacy,4
Ray_tracing_(graphics),4
IPv6,4
Zoomable_user_interfaces,4
Data_modeling_diagrams,4
Categorical_logic,4
Population_statistics,4
Population_ecology,4
Certification_marks,4
Hardware_restrictions,4
Social_search,4
Avionics,4
NeXTSTEP_software,4
Peer-to-peer_software,4
Polyhedral_combinatorics,4
Programming_language_classification,4
Ergodic_theory,4
Cross-platform_software,4
Holography,4
Logical_calculi,4
Algebraic_analysis,4
Approximations,4
Digital_video_recorders,4
Speech_processing,4
Visual_motifs,4
Functional_analysis,4
Component-based_software_engineering,4
Business_intelligence,4
Data_compression,4
Program_analysis,4
Substitution_(logic),4
Abstract_data_types,4
Computer_storage_technologies,4
Social_networking_services,4
Special_functions,4
Geometry_of_numbers,4
Call_recording,4
Agent-based_software,4
Discontinued_software,4
Algorithms_on_strings,4
System_software,4
Computational_number_theory,4
Extremal_graph_theory,4
Fractional_calculus,4
String_similarity_measures,4
Probability_distribution_fitting,4
Speech_synthesis_software,4
Broadcast_transmitters,4
Quantum_information_theory,4
Multivariate_statistics,4
Probabilistic_inequalities,4
Term_logic,4
Open_access_projects,4
Non-standard_analysis,4
Word_processor_comparisons,4
Accuracy_and_precision,4
Nvidia_graphics_processors,4
Ordered_groups,4
Unlicensed_Sega_hardware,4
Superscalar_microprocessors,4
Integer_sequences,4
Gambling_mathematics,4
Mobile_computers,4
Web_applications,4
PowerPC_operating_systems,4
ROM-based_operating_systems,4
Mental_calculation,4
Heptagonal_tilings,4
Classes_of_mobile_computers,4
Theorems_in_linear_algebra,4
Semiconductor_technology,4
Computational_topology,4
System_on_a_chip,4
Pinball_electronics,4
Theory_of_probability_distributions,4
Unicode_algorithms,4
Statistical_ensembles,4
Computer_algebra,4
GPGPU,4
Integration_platform,4
Backward_compatibility,4
E-Science,4
Satisfiability_problems,4
Algorithmic_trading,4
Random_matrices,4
Electronic_feedback,4
Pseudoconvex_minimization,4
Manycore_processors,4
Axioms_of_set_theory,4
Mechanical_calculators,4
Numerology,4
Wellfoundedness,4
Discontinued_operating_systems,4
Semiconductor_structures,4
Liquid_crystal_displays,4
Radiation-hardened_microprocessors,4
Data_modeling_languages,4
Golden_ratio,4
Algebra_of_random_variables,4
Input_methods,4
Search_algorithms,4
Power_Architecture,4
Shogi_theory,4
Proprietary_operating_systems,4
Early_computers,4
Digital_imaging,4
Perl_software,4
Map_projections,4
CPU_sockets,4
Arcade_system_boards,4
User_interface_techniques,4
Head-mounted_displays,4
AROS_software,4
Sound_chips,4
Medical_databases,4
Digital_dictation,4
Uniform_spaces,4
Calculus_of_variations,4
Wireless_access_points,4
Graph_minor_theory,4
Medical_classification,4
NP-complete_problems,4
Scheduling_algorithms,4
Acid_tests,4
Deep_learning,4
Speech_codecs,4
Custom_software_projects,4
Theorems_in_plane_geometry,4
Descriptive_statistics,4
Writing_systems,4
Signal_processing,4
Social_cataloging_applications,4
Instant_messaging,4
DOS_software,4
Programming_language_folklore,4
Diophantine_equations,4
Game_accessibility,4
Numbers,4
Least_squares,4
Fractal_software,4
Numerical_analysis,4
Rule_engines,4
Finite_differences,4
Platform_virtualization_software,4
Evolutionary_computation,4
Demo_effects,4
Algebraic_combinatorics,4
Compiler_construction,4
OCaml_software,4
Pocket_PC_software,4
Programming_language_implementation,4
Conformal_geometry,4
Substructural_logic,4
Force_fields,4
Theorems_regarding_stochastic_processes,4
Psychoacoustics,4
Computer_surveillance,4
Biometrics,4
Video_game_graphics,4
Disk_partitions,4
Fiber-optic_communications,4
Lattice_points,4
Ontology_learning_(computer_science),4
Audio_Engineering_Society_standards,4
Types_of_RAM,4
Fractals,4
Mechanical_computers,4
Plotters,4
Semiconductor_materials,4
Programming_idioms,4
Location-scale_family_probability_distributions,4
Internet_Explorer_add-ons,4
Compression_algorithms,4
Causality,4
Multiplication,4
Survival_analysis,4
Structural_bioinformatics,4
Statistical_forecasting,4
Xbox_360_software,4
Anti-aliasing,4
Volume_manager,4
Linear_electronic_circuits,4
Programming_languages_by_peer_review,4
PowerPC_implementations,4
Operations_research,4
Actor_model_(computer_science),4
Inversive_geometry,4
12-bit_computers,4
Library_and_information_science_software,4
Graph_description_languages,4
Firmware,4
Computing_by_natural_language,4
Rewriting_systems,4
Frequency_mixers,4
Unification_(computer_science),4
Complex_dynamics,4
Neural_network_software,4
Text_mode,4
Behavior_models,4
Medical_records,4
Network_on_a_chip,4
Graph_enumeration,4
Polynomials,4
Emulation_software,4
Machine_learning_algorithms,4
Quantification,4
OpenStreetMap,4
Modular_design,4
Stellation_diagrams,4
Adaptive_Web_Design,4
P-adic_numbers,4
Language_software,4
Medical_data_sets,4
Character_encoding,4
Cosmological_simulation,4
Internet_architecture,4
Fourier_analysis,4
Time_series,4
Hypertext_Transfer_Protocol,4
Recursion,4
DLL_injection,4
Mathematical_optimization_software,4
Modal_logic,4
Rearrangement_inequalities,4
Variable_word_length_computers,4
Geometric_topology,4
Open-source_robots,4
Video_game_development,4
Convex_geometry,4
Raster_graphics,4
Satellite_broadcasting,4
Programming_paradigms,4
Human_computers,4
Isohedral_tilings,4
Graphs,4
Continuous_distributions,4
Distributed_file_systems,4
Digital_audio_recording,4
Physics_software,4
MPLS_networking,4
Topological_dynamics,4
Systems_Modeling_Language,4
Minicomputers,4
Theorem_proving_software_systems,4
Self-replication,4
BIOS,4
Graphics_microarchitectures,4
Blogging,4
Holographic_data_storage,4
Computer_storage_buses,4
Firefox_OS_software,4
Theorems_in_measure_theory,4
Algebraic_graph_theory,4
Virtual_economies,4
Cloud_infrastructure_attacks_&_failures,4
Resource_Description_Framework,4
Run-time_systems,4
Internationalization_and_localization,4
Cognitive_architecture,4
Cyberinfrastructure,4
Dark_web,4
Transaction_processing,4
Computer_file_systems,4
Text_Encoding_Initiative,4
Forcing_(mathematics),4
Online_algorithms,4
Computational_hardness_assumptions,4
Just_enough_operating_systems,4
Cache_(computing),4
Sequences_and_series,4
Elementary_geometry,4
Statistical_mechanics_theorems,4
PICMG_standards,4
Nursing_informatics,4
Mobile_software_by_operating_system,4
Limits_to_computation,4
Programming_language_documentation,4
Healthcare_software,4
Wavelets,4
Machine_code,4
Audio_storage,4
Cryptography,4
File_sharing,4
Algorithmic_inference,4
Representation_theory_of_Lie_algebras,4
Crowdsourcing,4
USB,4
Integral_calculus,4
SCSI,4
Symmetric_functions,4
Methods_of_representation,4
Sparse_matrices,4
Imaging,4
Game_console_operating_systems,4
Trademarks,4
Latent_variable_models,4
Functional_analysts,5
Document_management_systems,5
Transforms,5
Comparison_of_individual_programming_languages,5
Guardhouses,5
Images_of_fractals,5
Post-Hartree-Fock_methods,5
Large_integers,5
TiVo_Inc.,5
Satellite_Internet_access,5
Military_robotics,5
Noise_(electronics),5
Linear_logic,5
Banach_algebras,5
Regression_with_time_series_structure,5
Geometric_flow,5
Web_software,5
Metre-tonne-second_system_of_units,5
Homogeneous_polynomials,5
IRIX,5
Kinetic_data_structures,5
Social_media_accounts,5
K-theory,5
Personal_assistant_robots,5
Marketing_performance_measurement,5
Social_media_campaigns,5
Rich_Internet_applications,5
Constraint_logic_programming,5
Image_sensor_products,5
Operator_theory,5
Documentation_generators,5
Environment_variables,5
Feature_detection_(computer_vision),5
Database_APIs,5
Bulletin_board_system_software,5
Function_spaces,5
Structured_English,5
Characterization_of_probability_distributions,5
Unix_authentication-related_software,5
Reverse_proxy,5
Medical_robots,5
Non-SI_metric_units,5
Symmetric_relations,5
Parsing_algorithms,5
Operational_semantics,5
File_archivers,5
WebOS,5
Optical_fiber,5
Categorical_regression_models,5
Martingale_theory,5
Amiga_emulators,5
Generalized_manifolds,5
Mecha,5
Normed_spaces,5
Mongolian-language_computing,5
Radar_signal_processing,5
Collation,5
Splines_(mathematics),5
Determinants,5
Personal_computers,5
Video_on_demand,5
Formula_manipulation_languages,5
Electronic_trading_platforms,5
Oracle_software,5
Natural_programming,5
Disk_file_systems,5
Covariance_and_correlation,5
Glyphs,5
File_system_permissions,5
Identification,5
Building_information_modeling,5
Topological_groups,5
Web_service_development_tools,5
SQL,5
Booting,5
Information_assurance_standards,5
Robot_architectures,5
Subroutines,5
Disk_cloning,5
Virtual_Network_Computing,5
Vector_calculus,5
Desktop_widgets,5
Theorems_in_group_theory,5
Estimator,5
Casio_programmable_calculators,5
Utility_software,5
Database_law,5
Data_protection,5
Cyclic_redundancy_checks,5
String_matching_algorithms,5
RISC_OS_emulators,5
Bonding_protocols,5
Pocket_computers,5
Message_transfer_agents,5
Luck,5
Radio_electronics,5
Image_scanning,5
Electronic_funds_transfer,5
Hypercomplex_numbers,5
Card_shuffling,5
Tails_of_probability_distributions,5
Axiomatic_semantics,5
Tor_(anonymity_network),5
Determinacy,5
Internet_advertising_methods,5
Date_and_time_representation,5
Proprietary_wiki_software,5
Anti-aliasing_algorithms,5
Structural_equation_models,5
Line_codes,5
Unix_security_software,5
Randomness,5
Numerical_linear_algebra,5
Mobile_software_distribution_platforms,5
National_Security_Agency_cryptography,5
Surface_computing,5
Berkeley_Open_Infrastructure_for_Network_Computing_projects,5
Types_of_probability_distributions,5
Metadata_publishing,5
Software-defined_radio,5
Online_backup_services,5
Database_index_techniques,5
Screencasting_software,5
Permutation_groups,5
Rootkit_detection_software,5
Regression_variable_selection,5
Chirality,5
Top-level_domains,5
Data-structured_programming_languages,5
Entertainment_software,5
Steganography,5
Types_of_malware,5
Number_theoretic_algorithms,5
Blog_software,5
Computer-aided_design_software,5
Smartwatches,5
Literate_programming,5
OS/2_emulation_software,5
Program_transformation_tools,5
Dynamic_programming_languages,5
Data_analysis_software,5
UNIVAC_software,5
Analytic_functions,5
Application_software_suites,5
Types_of_writing_systems,5
CDC_operating_systems,5
Cryptographically_secure_pseudorandom_number_generators,5
Nursing_classification,5
Unix_shells,5
Binary_prefixes,5
Dice,5
Combinatory_logic,5
Polymorphism_(computer_science),5
Biology_software,5
Programming_language_standards,5
Mobile_hotspots,5
Cryptographic_protocols,5
Orthogonal_polynomials,5
High_Integrity_Programming_Language,5
Classic_Mac_OS,5
Digital_audio,5
Connection_(mathematics),5
X-ray_computed_tomography,5
Braid_groups,5
Mach_(kernel),5
Programming_language_families,5
Summability_methods,5
A_priori,5
Hadoop,5
Graph_data_structures,5
Experimental_programming_languages,5
Laserdisc_images,5
Antennas_(radio),5
Anthropometry,5
Synchronous_optical_networking,5
Coincidence,5
Film,5
Set-theoretic_universes,5
Modular_smartphones,5
Uncategorized_programming_languages,5
Data_modeling_tools,5
Percentages,5
Riemannian_geometry,5
Distributed_bug_tracking_systems,5
Federated_identity,5
Domain_names,5
Summability_theory,5
Load_testing_tools,5
Translation_databases,5
Taito_arcade_system_boards,5
Sex_robots,5
Terminal_multiplexers,5
Korean-language_computing,5
PayPal,5
Text-oriented_programming_languages,5
Summary_statistics_for_categorical_data,5
Silicon_Graphics,5
Function-level_languages,5
Closed_categories,5
Quantum_cryptography,5
Keyboard_layouts,5
Network_address_translation,5
Digital_photography,5
Domestic_robots,5
Homology_theory,5
Graphical_user_interface_elements,5
Fourier_series,5
Schrxc3xb6dinger_equation,5
Rust_(programming_language),5
Linear_operators,5
Descriptive_set_theory,5
Electronic_toll_collection,5
Iteration_in_programming,5
Implementation_of_functional_programming_languages,5
Sign_language_notation,5
Satellite_radio,5
Algebraic_varieties,5
Regular_guitar-tunings,5
Comparison_sorts,5
Nonograms,5
Probability_theory,5
Vestibular_system,5
Vulkan_(API),5
High-level_programming_languages,5
Calendaring_software,5
Sequence_alignment_algorithms,5
Biomedical_cybernetics,5
Palaeography,5
Customer_relationship_management_software,5
Analysis_of_parallel_algorithms,5
Audio_amplifiers,5
Ockham_algebras,5
Satellite_imagery,5
Security_compliance,5
Representation_theory_of_algebraic_groups,5
Size,5
Firefox,5
Queueing_theory,5
Circle_packing,5
Bluetooth,5
Numerical_programming_languages,5
Graphics_file_formats,5
Object-based_programming_languages,5
Object-oriented_programming,5
Nonparametric_statistics,5
Analytics,5
Scaling_symmetries,5
Typography,5
Supersymmetry,5
4-chromatic_graphs,5
Join_algorithms,5
Automated_planning_and_scheduling,5
Compression_file_systems,5
Tag_variants,5
Timecodes,5
Functional_calculus,5
Go_software,5
Geosocial_networking,5
Auction_theory,5
Priority_queues,5
Differentiation_rules,5
DOS_emulators,5
Electronics_optimization,5
Multivariate_time_series,5
Unix_standards,5
Boundary_layers,5
Firebird,5
Multilinear_algebra,5
Register_machines,5
Leet,5
Data_structures_by_computing_platform,5
God,5
Beta_software,5
Hypergeometric_functions,5
Smart_cards,5
Laptops,5
Morphisms,5
Nondeterministic_programming_languages,5
Decision_trees,5
YP_Holdings,5
AmigaOS_4,5
Geometric_series,5
Elliptic_functions,5
Spreadsheet_file_formats,5
Immediate_inference,5
Cloud_clients,5
Metabolomic_databases,5
Nortel_protocols,5
Inductive_logic_programming,5
OpenVMS,5
Radio_masts_and_towers,5
Elektronika_programmable_calculators,5
Cloud_databases,5
MIDI,5
Forecasting,5
Integrals,5
WxWidgets,5
Graph_families,5
Simplicial_sets,5
Unix_package_management-related_software,5
Videotelephony,5
OS/2_technology,5
Audio_network_protocols,5
Markov_models,5
Finite_element_software,5
Interactive_media,5
IRIX_software,5
Brute_force_blocking_software,5
Repetitive_strain_injury_software,5
Polyhedra,5
Merchant_services,5
Disk_encryption,5
Homological_algebra,5
Chemical_engineering_software,5
Supermodular_functions,5
Blog_search_engines,5
Stoichiometry,5
Exchange_algorithms,5
Autocomplete,5
Broken_cryptography_algorithms,5
KDE_software,5
Alpha_software,5
Video_hosting_software,5
Tree_programming_languages,5
Perfect_graphs,5
Remote_administration_software,5
Magnetic_logic_computers,5
Topological_vector_spaces,5
Intrusion_detection_systems,5
Wireless_sensor_network,5
Social_robots,5
Molecular_formulas,5
DOS_technology,5
Geometric_transversal_theory,5
Cisco_software,5
Entertainment_robotics,5
Transient_response_characteristics,5
Applications_of_control_engineering,5
Cryptographic_hardware,5
Touch_user_interfaces,5
Divisor_function,5
Gamification,5
Time_travel,5
News_aggregator_software,5
Global_illumination_algorithms,5
Motion_in_computer_vision,5
Video_acceleration,5
Natural_language_processing_software,5
Scripting_languages,5
Subscription_businesses,5
Online_advertising,5
Genetic_algorithms,5
PDP-11,5
Git_(software),5
Database_servers,5
Foliations,5
Han_character_input,5
Database_engines,5
System_administration,5
Injection_exploits,5
Server_emulators,5
Trigonometric_functions,5
Block-oriented_terminal,5
Solid-state_caching,5
Myspace,5
RSA_Factoring_Challenge,5
Image_hosting,5
Digital_typography,5
As_a_service,5
Horizontal_coordinate_system,5
Speech_processing_software,5
Moduli_theory,5
XNS_based_protocols,5
Transmediation,5
Parametric_statistics,5
Discontinued_web_annotation_systems,5
MorphOS_emulation_software,5
Simulation,5
World_Wide_Web_Consortium_standards,5
SwissMicros_calculators,5
Robotics_software,5
Terminal_pagers,5
Rexx_(programming_language),5
Online_sorts,5
Metaplace,5
Religious_software,5
Cohomology_theories,5
Portfolio_theories,5
Serialism,5
Arithmetic_series,5
Hyperbolic_geometry,5
New_media,5
Astrology_software,5
All-in-one_desktop_computers,5
Robotic_art,5
Symmetric-key_cryptography,5
X_servers,5
Statistical_distance,5
Kleptography,5
Knowledge_markets,5
Help_desk_software,5
Image_segmentation,5
JSON,5
Serial_ATA,5
Arcade_emulators,5
Statistical_ratios,5
Concurrent_Versions_System,5
Vector_graphics_markup_languages,5
Audio_mixing,5
Spinors,5
Annuities,5
Threads_(computing),5
File_deletion,5
Rotation,5
Genetic_epidemiology,5
Demodulation,5
Finite_groups,5
Type_inference,5
Proprietary_version_control_systems,5
Hash_functions,5
Character-oriented_terminal,5
Windowing_systems,5
Compiler_optimizations,5
Polymorphism,5
Betting_systems,5
Unix_file_system-related_software,5
User_interface_markup_languages,5
Zeta_and_L-functions,5
OS/2_commands,5
Indic_computing,5
Cisco_protocols,5
Molecular_modelling_software,5
Polynomial_functions,5
Military_robots,5
Webmail,5
Sampling,5
Type_3_encryption_algorithms,5
Pythagoras,5
Electrochemical_equations,5
Optical_software,5
Recursion_schemes,5
65xx_microprocessors,5
Molecular_modelling,5
Topology_of_function_spaces,5
Optical_character_recognition,5
Capacity-approaching_codes,5
Internet_search_algorithms,5
Meromorphic_functions,5
Termination_algorithms,5
Markup_languages,5
Home_computers,5
Knowledge_management,5
DSP_Starter_Kits,5
Independence_(probability_theory),5
Debuggers,5
Temperature_control,5
Discontinued_programming_languages,5
Face_recognition,5
Syllogism,5
Digital_Research_operating_systems,5
Maps_of_manifolds,5
Concurrency_control_algorithms,5
Cloud_platforms,5
Atari_operating_systems,5
Definitions_of_mathematical_integration,5
Digital_broadcasting,5
Lua-scriptable_software,5
Properties_of_topological_spaces,5
Broadband,5
Graphical_user_interface_testing,5
John_von_Neumann_Theory_Prize_winners,5
Time_domain_analysis,5
Backup_software,5
Instant_messaging_protocols,5
Touchscreens,5
Abstract_machines,5
Conic_sections,5
Homotopy_theory,5
Standards_for_electronic_health_records,5
Disk_scheduling_algorithms,5
Systems_architecture,5
Operators_(programming),5
Python-scriptable_game_engines,5
Empirical_process,5
File_sharing_services,5
Group_actions,5
Augmented_reality_applications,5
CAN_bus,5
Load_balancing,5
Divergent_series,5
Qt_(software),5
Hypertext_Transfer_Protocol_headers,5
LinkedIn,5
Optical_disc_authoring_software,5
Structural_analysis,5
Air_quality_index,5
Algebraic_geometers,5
Causal_fallacies,5
ICL_mainframe_computers,5
Equations_of_physics,5
Topology_of_homogeneous_spaces,5
Semigroup_theory,5
Prototype-based_programming_languages,5
Shunting_puzzles,5
Frxc3xa9chet_algebras,5
Cascading_Style_Sheets,5
Driving_simulators,5
Regular_graphs,5
Mac_OS_APIs,5
Integral_transforms,5
F-spaces,5
Hospitality_services,5
Domain_hacks,5
Asymmetric-key_algorithms,5
Braille,5
Logic_gates,5
Document_interface,5
Data-flow_analysis,5
Convergence_tests,5
Cloud_storage_gateways,5
SyncML,5
Inferno_(operating_system),5
Electronic_health_record_software,5
Audio_electronics,5
Algebraic_numbers,5
Privacy_software,5
Pseudolinear_minimization,5
VoIP_protocols,5
Pi_algorithms,5
Internet_protocols,5
Orthography,5
Representation_theory_of_Lie_groups,5
Integral_representations,5
Non-stoichiometric_compounds,5
Digital_audio_storage,5
MPEG-2,5
Topos_theory,5
Rational_functions,5
Problems_on_strings,5
Genealogy_software,5
Variational_formalism_of_general_relativity,5
IBM_operating_systems,5
Service_robots,5
Urdu_computing,5
Unix_windowing_system-related_software,5
Mac_OS_graphics_software,5
Directed_graphs,5
PowerPC_microprocessors,5
Robust_regression,5
Airline_social_networking_services,5
Digital_rights_management,5
C_language_contests,5
Cloud_standards,5
Chromatography_software,5
Isomorphism_theorems,5
Complex_analysts,5
Differential_geometers,5
Aeronautical_databases,5
Large_cardinals,5
Radio_frequency_antenna_types,5
Symplectic_geometry,5
Determinism,5
Nextcloud,5
Anonymous_social_media,5
Open_content,5
Robot_parts,5
IOS_jailbreaking,5
RepRap_project,5
Group_I_semiconductors,5
Video_game_development_software,5
Smooth_functions,5
Database_management_systems,5
Dimensionless_numbers,5
Process_(computing),5
Feature-oriented_programming,5
Natural_language_generation,5
Multiple_comparisons,5
Special_hypergeometric_functions,5
Spherical_trigonometry,5
Radio_resource_management,5
Microcomputer_software,5
Terminfo,5
Smooth_manifolds,5
Prime_limits,5
Location_codes,5
Affiliate_marketing,5
Robotics_projects,5
Algebraic_modeling_languages,5
Autocorrelation,5
Data_compression_software,5
Undeciphered_writing_systems,5
Digital_rights,5
Model_organism_databases,5
Conio,5
Competitive_intelligence,5
Transliteration,5
Image_noise_reduction_techniques,5
Arduino,5
YouTube,5
Sony_image_sensors,5
Video_game_consoles,5
Telephony_software,5
Self-duality,5
Cloud_computing_providers,5
FidoNet,5
Memory_management_software,5
Compilers,5
Statically_typed_programming_languages,5
Dynamic_systems_development_method,5
Electronic_trading_systems,5
Lie_groups,5
Birational_geometry,5
Sequence_spaces,5
Icon_software,5
Sharp_programmable_calculators,5
Social_software,5
Language_learning_software,5
Laboratory_information_management_system,5
Diffeomorphisms,5
Semantic_wiki_software,5
Natural_language_parsing,5
X86_microprocessors,5
Summary_statistics,5
IBM_WebSphere,5
Email_worms,5
Microphones,5
Unix_network-related_software,5
Session_layer_protocols,5
Planetarium_projection,5
Network_analysis,5
Digital_art,5
Smart_home_hubs,5
Amiga_chipsets,5
Representation_theory_of_finite_groups,5
Rubik's_Cube,5
Generalizations_of_the_derivative,5
Light-emitting_diode_materials,5
Security_engineering,5
Collaborative_software,5
Functional_data_structures,5
Unicode,5
Procedural_programming_languages,5
Theory_of_relativity,5
Power_microprocessors,5
Computer_vision_software,5
Lua-scripted_software,5
Unsupervised_learning,5
Orthogonal_wavelets,5
JOSS_programming_language_family,5
Non-standard_positional_numeral_systems,5
Maturity_models,5
Data_protection_authorities,5
Clinical_procedure_classification,5
Mac_OS-only_software,5
Finsler_geometry,5
Individual_robots,5
Metric_linear_spaces,5
Fiber-optic_connectors,5
Lipschitz_maps,5
Variable_(computer_science),5
Virtual_keyboards,5
Esri_software,5
Automorphic_forms,5
Codecs,5
Internet_Standards,5
Customer_communications_management,5
P-complete_problems,5
Transformation_languages,5
Metadata_standards,5
Tape_recording,5
Microwave_technology,5
Compact_Disc_and_DVD_copy_protection,5
Code_search_engines,5
Translation_software,5
Dimension,5
Application-specific_graphs,5
Metallic_means,5
Distributed_version_control_systems,5
Objects_(category_theory),5
Task_management_software,5
Mass_spectrometry_software,5
Surfaces,5
POSIX,5
String_(computer_science),5
Gyroscopes,5
Phonetic_algorithms,5
Geometric_stable_distributions,5
Video_game_localization,5
Proprietary_cross-platform_software,5
Second-level_domains,5
Declarative_programming,5
Autonomous_ships,5
String_data_structures,5
Theta_functions,5
Stereoscopic_photography,5
Formal_theories,5
Data_laws,5
Differential_forms,5
Online_spreadsheets,5
Portable_media_players,5
Data_types,5
Spam_filtering,5
Custom_firmware,5
File_system_management,5
RDF_data_access,5
Data_erasure,5
Language_of_flowers,5
Differential_geometry_of_surfaces,5
Unified_Modeling_Language_diagram_images,5
Tetris,5
Cryptographic_attacks,5
Wikipedia_categories_named_after_programming_languages,5
Applications_of_Bayesian_inference,5
Intersection_theory,5
Functional_languages,5
Agreement_algorithms,5
Digital_Video_Broadcasting,5
Lightweight_Unix-like_systems,5
Barcodes,5
BlackBerry,5
Unisys_operating_systems,5
Visualization_API,5
Rational_numbers,5
Geometric_centers,5
String_collation_algorithms,5
Robotic_manipulation,5
Audiovisual_ephemera,5
Routing_protocols,5
PowerPC_emulators,5
WiMAX,5
Bayesian_estimation,5
Separation_numbers,5
Statistical_intervals,5
Tasks_of_natural_language_processing,5
Parity_(mathematics),5
Online_gaming_services,5
Unix_emulation_software,5
Inverse_trigonometric_functions,5
Ecommerce,5
Citizen_science,5
Multi-emulators,5
Cybercrime,5
Reversible_computing,5
Spyware_removal,5
Fault_tolerance,5
DMOZ,5
Key_management,5
Information_technology_governance,5
Open-source_intelligence,5
Laserdiscs,5
Haiku_(operating_system),5
Digital_radio,5
Disaster_recovery,5
Quantum_measurement,5
Interbase,5
MUMPS_programming_language_family,5
Non-associative_algebra,5
Causes_of_conditions,5
Analog_video_connectors,5
Stochastic_control,5
Cray,5
Punched_card,5
Enterprise_modelling,5
Cryptographic_primitives,5
Unitary_representation_theory,5
Video_game_design,5
Blogs,5
Visual_programming_languages,5
Algebraic_homogeneous_spaces,5
Standard_Unix_programs,5
Wireless_transmitters,5
OpenPGP,5
Pi-related_software,5
Quaternions,5
Fibonacci_numbers,5
Probabilistic_complexity_classes,5
Video_art,5
Internet_Relay_Chat,5
Burroughs_mainframe_computers,5
Pinball_platforms,5
Supertasks,5
Optical_Transport_Network,5
Records_management,5
Computer_vision_research_infrastructure,5
Nokia_platforms,5
Data_warehousing_products,5
Grid_computing_products,5
Distributed_computing,5
Finger_plays,5
Telephone_exchange_buildings,5
Nvidia_chipsets,5
Server_hardware,5
Symbian_OS,5
SPARC_microprocessors,5
Handheld_game_consoles,5
Email_hacking,5
Email_agents,5
Wireless_email,5
Minimal_surfaces,5
Unmanned_vehicles,5
Theorems_in_Fourier_analysis,5
Properties_of_groups,5
Evaluation_of_machine_translation,5
News_aggregators,5
IBM_vacuum_tube_computers,5
Mac_OS_multimedia_software,5
Norsk_Data,5
Optical_bombsights,5
Geometric_group_theory,5
Internet_service_providers,5
AmigaOS,5
Polynomial-time_problems,5
Hypertext_Transfer_Protocol_status_codes,5
Spectral_theory,5
Domain_registries,5
Bit_data_structures,5
Amiga_APIs,5
Telephone_tapping,5
Gene_expression_programming,5
Authentication_methods,5
Layout_engine_comparisons,5
EDI,5
Braids,5
Perl_modules,5
Aeronautical_navigation_systems,5
Seismic_scales,5
Analysis_of_variance,5
Portable_software_suites,5
Hypermedia,5
Generating_functions,5
MPEG-4,5
Avionics_programming_languages,5
Separation_axioms,5
Signal_processing_filter,5
Machine_vision,5
Disclosure,5
Sports_robots,5
HTML5,5
CP/M,5
Functors,5
Theorems_in_Riemannian_geometry,5
Hilbert_space,5
Tablet_operating_systems,5
Stack_machines,5
Distributed_computing_problems,5
Photo_software,5
Class_(computer_programming),5
Terahertz_technology,5
Shift-and-add_algorithms,5
Spatial_data_analysis,5
Online_word_processors,5
Singularity_theory,5
RSS,5
Topology_of_Lie_groups,5
Representation_term,5
Vector_spaces,5
Post-quantum_cryptography,5
Sunway_microprocessors,5
Curvature_(mathematics),5
Constraint_programming_languages,5
Geometry_of_divisors,5
Web_syndication_formats,5
Mac_OS_user_interface,5
Active_Directory,5
Internet_privacy,5
Engineering_ratios,5
Algebraic_curves,5
Open_government,5
Regression_analysis,5
Curves,5
Database_caching,5
File_transfer_software,5
Computer_files,5
Textile_patterns,5
Reliability_analysis,5
Grammar_checkers,5
Email_systems,5
Time_series_models,5
Lossy_compression_algorithms,5
Binary_sequences,5
Proxy_servers,5
SQLite,5
Image_sensor_technology_in_computer_vision,5
Semi-parametric_models,5
Grid_computing_projects,5
Web_caching_protocol,5
Terms_of_service,5
Mathematical_morphology,5
Mobile_software,5
VoIP_hardware,5
Healthcare_robotics,5
Bada_(operating_system),5
Primality_tests,5
Signature,5
Antivirus_software,5
Web_browsers,5
Space-filling_polyhedra,5
Knot_theory,5
Message-oriented_middleware,5
Distributed_data_storage,5
WAN_optimization,5
Dimension_theory,5
Molecular_dynamics_software,5
Hidden_variables,5
Density_functional_theory,5
Markov_processes,5
Layout_engines,5
Cyborgs,5
Monoidal_categories,5
Routing_software,5
Density_functional_theory_software,5
Euclidean_symmetries,5
Video_recording_software,5
Icons_of_Mac_OS,5
Tunneling_protocols,5
Operator_algebras,5
User-generated_content,5
Warez,5
Information-theoretically_secure_algorithms,5
Cyberpsychology,5
Hash_based_data_structures,5
Adjoint_functors,5
Categories_in_category_theory,5
Higher_category_theory,5
Nvidia_IP_cores,5
Video_formats,5
Desktop_environments,5
Logical_connectives,5
IT_service_management,5
User_interface_builders,5
Uniform_Resource_Locator,5
Password_authentication,5
Mobile_phones,5
Archive_formats,5
Multivariate_continuous_distributions,5
Video_software,5
Geophysical_imaging,5
Biometrics_software,5
Bluetooth_software,5
Email_storage_formats,5
Morse_code,5
Telematics,5
Contactless_smart_cards,5
Iterative_methods,5
Medical_imaging,5
Optical_computer_storage,5
Video_gaming,5
Mathematical_constants,5
Causal_inference,5
Moonshine_theory,5
Thermodynamic_equations,5
Permutation_patterns,5
Conservation_laws,5
Chemical_file_formats,5
Video_surveillance,5
Console_CD_ripping_software,5
Approximation_theory,5
Frequency_domain_analysis,5
Pinterest,5
Email_marketing_software,5
XML-based_programming_languages,5
Cardinal_numbers,5
Mashup_(web_application_hybrid),5
Software_bugs,5
Mobile_malware,5
Management_science,5
Ensemble_learning,5
Hot-swappable_transceiver,5
Rotational_symmetry,5
Clipping_(computer_graphics),5
Garage_door_openers,5
Desktop_search_engines,5
Declarative_programming_languages,5
Lossless_compression_algorithms,5
Sony_image_processing,5
Video_compression,5
Emergency_management_software,5
Variants_of_random_walks,5
Haskell_implementations,5
Hard_disk_software,5
Diophantine_geometry,5
Differential_algebra,5
Multihoming,5
Entity-relationship_model,5
VIA_Technologies_chipsets,5
Keyboard-sharing_software,5
Amateur_radio_software,5
Shading_languages,5
Photogrammetry,5
Firewall_software,5
Audio_engineering,5
Disassemblers,5
Common_Lisp_software,5
Market_research,5
Debian-based_distributions,5
International_Technology_Roadmap_for_Semiconductors,5
Password_managers,5
Tor_hidden_services,5
Email_authentication,5
Prototype-based_programming,5
Support_vector_machines,5
Intuitionism,5
Medical_robotics,5
Datasets_in_machine_learning,5
Access_control_software,5
Remote_desktop_protocols,5
Backward-compatible_video_game_consoles,5
Binary-to-text_encoding_formats,5
DNS_software,5
Vacuum_tube_computers,5
Type_systems,5
Types_of_functions,5
General_relativity,5
Abstract_management_software,5
Laplace_transforms,5
Geocaching,5
Binary_operations,5
Open_computers,5
Medical_privacy,5
Audio_to_video_synchronization,5
Singular_value_decomposition,5
Pseudoprimes,5
Geocodes,5
Adaptable_robotics,5
Soft_microprocessors,5
Fiber_bundles,5
Formerly_proprietary_software,5
Software_calculators,5
Spintronics,5
Denial-of-service_attacks,5
Online_payments,5
Monograms,5
GPS_navigation_software,5
Information_technology_audit,5
Wiki_concepts,5
Digital_divide,5
Web_service_specifications,5
Java_specification_requests,5
Video_game_glitches,5
Word-sense_disambiguation,5
Effective_descriptive_set_theory,5
Symplectic_topology,5
Anti-forensic_software,5
Server_appliance,5
Integral_equations,5
Function_prefixes,5
Household_surveys,5
Palindromes,5
MorphOS,5
High_dynamic_range_imaging,5
Remote_procedure_call,5
Pseudoconvex_functions,5
Wi-Fi,5
Biomedical_software,5
Holonomic_brain_theory,5
Subsystem,5
Biorthogonal_wavelets,5
Singular_integrals,5
Conformal_projections,5
Home_video,5
Interactive_art,5
Morse_theory,5
Teletraffic,5
Provisioning,5
Transport_Layer_Security,5
Collective_intelligence,5
Typography_software,5
MIPS_microprocessors,5
Image_organizers,5
ZX_Spectrum,5
BlackBerry_development_software,5
Snap_Inc.,5
Aspect-oriented_software_development,5
PDF_standards,5
2-in-1_PCs,5
Tablet_computers,5
Biosensors,5
Expected_utility,5
XML_data_access,5
First_order_methods,5
Theory_of_cryptography,5
Scale-invariant_systems,5
Diagnosis_classification,5
Tumblr,5
Modular_datacenter,5
Tag_editors,5
Systems_of_formal_logic,5
Interpreters_(computing),5
Additive_categories,5
Exploratory_data_analysis,5
Live_USB,5
Arrays,5
International_System_of_Units,5
Hopf_algebras,5
Types_of_databases,5
Individual_graphs,5
Cryptanalytic_software,5
GPS_satellites,5
Valve_amplifiers,5
Widget_toolkits,5
Numerical_integration_(quadrature),5
Infinite_graphs,5
Semiempirical_quantum_chemistry_methods,5
Quadrics,5
Supercomputer_sites,5
Telephone_numbers,5
Micro_robots,5
Potentials,5
Animation_software,5
Paraconsistent_logic,5
Robotic_concepts,5
Measures_(measure_theory),5
DICOM_software,5
Real-time_databases,5
Variational_principles,5
Statistical_parameters,5
Financial_models,5
Rates,5
Flight_computers,5
Command-line_software,5
Mobile_Web,5
Peer-to-peer_file_sharing,5
Genetic_programming,5
Slide_projectors,5
Polytopes,5
Inner_model_theory,5
Limits_(category_theory),5
Amiga_viruses,5
Texting_codes,5
Upptalk,5
Discontinued_Adobe_software,5
Authentication,5
Concatenative_programming_languages,5
Statistical_deviation_and_dispersion,5
Robotic_telescopes,5
Blog_client_software,5
Radio_modulation_modes,5
Tomography,5
Machine_learning_task,5
Applications_of_cryptography,5
Quantum_mechanical_entropy,5
Axiom_of_choice,5
Elementary_shapes,5
Causes_of_events,5
Symmetric-key_algorithms,5
ERP_software,5
Scheduling_(computing),5
Picture_aspect_ratios,5
Image_processors,5
Entertainment_robots,5
Electricity_meters,5
Spanning_tree,5
Palm_OS,5
Errors_and_residuals,5
Internet_mail_protocols,5
Ecological_robots,5
Persistent_programming_languages,5
Large_numbers,5
Articulated_robotics,5
Chinese-language_computing,5
Bialgebras,5
Online_content_distribution,5
Four-dimensional_geometry,5
IEEE_DASC_standards,5
Domain-specific_programming_languages,5
Video_game_engines,5
Multimedia_software,5
Cryptanalytic_algorithms,5
Fractal_curves,5
Ada_programming_language_family,5
Nettop,5
Multi-touch,5
Differential_equations,5
Convergence_(mathematics),5
Sound_recording_technology,5
Microblogging,5
Configurations,5
Contingency_table,5
XMPP,5
Computer-aided_industrial_design,5
Forward_proxy,5
Variational_analysts,5
Figurate_numbers,5
Finite_geometry,5
MediaWiki_sites,5
Twitch,5
Logistic_regression,5
MSX_emulators,5
Ternary_operations,5
Teleology,5
Distributed_data_structures,5
Type_1_encryption_algorithms,5
Succinct_data_structure,5
Log-linear_models,5
Multi-paradigm_programming_languages,5
Method_engineering,5
Network_file_systems,5
DOS_emulation_software,5
Categorical_variable_interactions,5
Encodings_of_Japanese,5
Trees_(set_theory),5
Composition_algebras,5
Hypertext_Transfer_Protocol_clients,5
Unix_security-related_software,5
Cryptocurrencies,5
Activity_trackers,5
Hidden_stochastic_models,5
Capacity-achieving_codes,5
Behavioral_experimentation_software,5
Elektronika_BK_operating_systems,5
Relational_model,5
GNU_Project_software,5
Digital_library_software,5
Data_erasure_software,5
Software_engineering_costs,5
FTP_server_software,5
Spatial_processes,5
Financial_ratios,5
Sashes,5
Intel_chipsets,5
Classes_of_prime_numbers,5
Cryobiology,5
Low-level_programming_languages,5
Hardy_spaces,5
Advanced_Access_Content_System,5
Gamma_and_related_functions,5
Aspect-oriented_programming,5
Data_recovery,5
Shogi_castles,5
Industrial_robots,5
Network_flow,5
Content_management_systems,5
CD-ROM-based_consoles,5
Applicative_computing_systems,5
Stereophotogrammetry,5
SDRAM,5
Bionics,5
Dynamic_DNS,5
QED_microprocessors,5
MP3,5
Unix_variants,5
Ultra_Mobile_PC,5
M.2,5
PSPACE-complete_problems,5
Geolocation,5
Process_termination_functions,5
Angle,5
File_sharing_software,5
Polyforms,5
Secure_programming_languages,5
Control_flow,5
Equidistant_projections,5
Hashing,5
Photography,5
HTML_parsers,5
Instant_messaging_server_software,5
Comparison_of_assessments,5
Web_1.0,5
Cyclotomic_fields,5
Electronic_design_automation_software,5
Oriented_matroids,5
Image_viewers,5
Group_IV_semiconductors,5
Additive_number_theory,5
IPv6_transition_technologies,5
Xbox_Live,5
Interpolation,5
Proof_assistants,5
Cryptography_standards,5
System_image,5
Poisson_distribution,5
Surgery_theory,5
Search_engine_optimization,5
WAMP,5
Unix_emulators,5
Language_workbench,5
SPARQL,5
Firefox_add-ons,5
Streaming,5
Dot_patterns,5
Web_Ontology_Language,5
Discontinued_version_control_systems,5
Fiber_to_the_premises,5
Regular_expressions,5
OSI_protocols,5
Online_robots,5
Atmospheric_dispersion_modeling,5
Continuous_wavelets,5
Telepresence_robots,5
Privilege_escalation_exploits,5
Unicode_Transformation_Formats,5
Shared_disk_file_systems,5
Expanded_memory_managers,5
Filename_extensions,5
VoIP_services,5
Stylesheet_languages,5
Smartphones,5
Many-valued_logic,5
Geometric_algebra,5
Continuum_theory,5
Phablets,5
Simulation_software,5
Wiki_software,5
Machine_translation_software,5
Metric_system,5
Graphical_control_elements,5
BEAM_robotics,5
Sound_trademarks,5
ITunes,5
Secure_Shell,5
Network_scheduling_algorithms,5
Scalable_Vector_Graphics,5
Class_field_theory,5
Stagecraft_software,5
Conservation_equations,5
Computer_access_control_protocols,5
Dagger_categories,5
Publication_management_software,5
Online_banking,5
Biomorphic_robots,5
Time_scales,5
Holography_industry,5
Lie_groupoids,5
Control_theory,5
Control-flow_analysis,5
Compiler_structures,5
Computer_chess,5
Complex_manifolds,5
Real_numbers,5
Super_linear_algebra,5
Machine_learning_portal,5
Portable_computers,5
Word_processors,5
Equal-area_projections,5
Crystallographic_databases,5
Specific_letter-diacritic_combinations,5
A/UX,5
Transport_Layer_Security_implementation,5
Contact_geometry,5
Zope,5
XML,5
Version_control_GUI_tools,5
Web_service_providers,5
Simple_DirectMedia_Layer,5
Nonlinear_functional_analysis,5
Lock_keys,5
Early_British_computers,5
Digital_display_connectors,5
Object_recognition_and_categorization,5
Irrational_numbers,5
Japanese-language_computing,5
Distributed_data_storage_systems,5
SATA_Express,5
Etiology,5
Ring_theory,5
Industrial_engineering,5
Peercasting,5
Maemo,5
Bitruncated_tilings,5
Commodore_64_emulators,5
Endurance_International_Group,5
Micropayment,5
Content_delivery_network,5
Silverlight,5
VMware,5
Online_databases,5
Neuroprosthetics,5
Addition_chains,5
Discontinued_Java_virtual_machines,5
Help_desk,5
Discontinued_web_browsers,5
Automatic_memory_management,5
String_sorting_algorithms,5
Network_management,5
Reactive_programming_languages,5
Type_2_encryption_algorithms,5
3-manifolds,5
Binary_logic,5
Workflow_software,5
Automata_(mechanical),5
Computer_keyboard_models,5
Dreamcast_emulation_software,5
Triangles_of_numbers,5
Paradoxes_of_naive_set_theory,5
Link_analysis,5
Gopher_(protocol),5
Corpus_linguistics,5
E-democracy,5
Extensible_syntax_programming_languages,5
IP_addresses,5
NL-complete_problems,5
CP/M_technology,5
Backup_software_for_Mac_OS,5
Adobe_Flash,5
WhatsApp,5
Handwriting_recognition,5
Characteristic_classes,5
Graph_products,5
4-manifolds,5
NP-hard_problems,5
Radio_frequency_propagation,5
Kernel_programmers,5
SAT_solvers,5
IAS_architecture_computers,5
Applications_of_computer_vision,5
Several_complex_variables,5
Parsing,5
RISC_OS_emulation_software,5
Data_structures_by_programming_language,5
Prototype_robots,5
Character_sets,5
Signal_processing_metrics,5
Multivariate_discrete_distributions,5
Java_development_tools,5
Network_analyzers,5
Mailing_list_software,5
Potential_theory,5
Supervised_learning,5
Dynamically_typed_programming_languages,5
Coalgebras,5
Image_processing_software,5
X86_memory_management,5
Second_Life,5
Term-rewriting_programming_languages,5
Finite_fields,5
Inter-rater_reliability,5
Amiga_emulation_software,5
BibTeX,5
Call_signs,5
Elementary_special_functions,5
Generic_programming,5
Spamming,5
Natural_units,5
Transport_software,5
Pattern_matching_programming_languages,5
Finite_model_theory,5
Kernel_methods_for_machine_learning,5
Fingerprints,5
Fisheries_databases,5
Personal_digital_assistants,5
Matrix_theory,5
Processor_scheduling_algorithms,5
HTML_tags,5
IBM_file_systems,5
Public-key_cryptography,5
Virtual_memory,5
ICL_operating_systems,5
X_Window_System,5
Monte_Carlo_molecular_modelling_software,5
Web_mapping,5
Transistorized_computers,5
Service-oriented_(business_computing),5
Urelements,5
Mathematical_quantization,5
Transistor_amplifiers,5
Abacus,5
Call-recording_software,5
Localization_(mathematics),5
BBS_file_transfer_protocols,5
Computer_performance,5
Proprietary_package_management_systems,5
Geodesic_(mathematics),5
Telephone_exchange_equipment,5
Java_enterprise_platform,5
Oracle_Database,5
Calculator_character_sets,5
Special-purpose_file_systems,5
Modeling_and_simulation,5
Parallel_computing,5
Platform-sensitive_development,5
IOS_development_software,5
Profilers,5
Web_server_software,5
Network_mappers,5
Packets_(information_technology),5
Multiple-criteria_decision_analysis,5
Conformal_mapping,5
Optical_disc_authoring,5
Quantum_gates,5
Scheme_theory,5
Backup_software_for_DOS,5
Cloud_applications,5
Color_codes,5
UniPro,5
Gnutella_clients,5
Mac_OS_development,5
Proprietary_database_management_systems,5
Typing,5
Shareware,5
Compatibility_layers,5
Iterated_function_system_fractals,5
Graphology,5
Multi-robot_systems,5
Autonomous_cars,5
Modular_firearms,5
Message_authentication_codes,5
III-V_semiconductors,5
Functions_related_to_probability_distributions,5
Cross-platform_mobile_software,5
Medical_simulation,5
Group_theory,5
Unix_user_management_and_support-related_utilities,5
Point_estimation_performance,5
Color_filter_array,5
Reputation_management,5
Media_servers,5
Hypergraphs,5
Transducers,5
Data_recovery_software,5
Online_marketplaces,5
Sudoku,5
Graphical_terminals,5
Graphics_software_that_uses_GTK+,5
Metadata_templates,5
Infrared_imaging,5
Self-replicating_machines,5
Systolic_geometry,5
Organic_semiconductors,5
Esoteric_programming_languages,5
Novell_operating_systems,5
Metric_spaces,5
History_of_computing,5
Structured_prediction,5
II-VI_semiconductors,5
Mesh_generators,5
"Scattering,_absorption_and_radiative_transfer_codes",5
Systems_of_set_theory,5
Editing_software,5
Languages_by_script,5
Command_shells,5
Coin_flipping,5
Loss_functions,5
SAP_NetWeaver,5
Concurrent_programming_languages,5
Termcap,5
Electromagnetic_compatibility,5
Structures_on_manifolds,5
Augmented_reality,5
Base-dependent_integer_sequences,5
Hobbyist_robots,5
Semisupervised_learning,5
Stable_sorts,5
Display_servers,5
Stochastic_simulation,5
Open_Group_standards,5
I2P,5
Applied_machine_learning,5
Digital_Revolution,5
Time_measurement_systems,5
New_economy,5
Early_microcomputers,5
ARM_cores,5
Non-associative_algebras,5
Handling_robots,5
Periodic_continued_fractions,5
Geometric_graphs,5
Image_compression,5
Numerical_analysts,5
MindVox,5
Fagan_inspection,5
Communication_towers,5
Public_key_infrastructure,5
Configuration_management,5
Nature-inspired_metaheuristics,5
Mobile_applications,5
Java_APIs,5
Database_security,5
II-V_semiconductors,5
Hashtags,5
Commutative_algebra,5
Threshold_temperatures,5
MOS_microprocessors,5
Data_serialization_formats,5
Electronic_circuit_verification,5
Set_theoretic_programming_languages,5
Complex_numbers,5
IOS_(Apple),5
Quadratic_residue,5
Crowdfunding,5
Partial_differential_equations,5
Darknet_markets,5
Network_socket,5
Cryptographic_hash_functions,5
MIME,5
VoIP_software,5
Marginal_concepts,5
Constraint_programming,5
Bioimaging_software,5
Automation,5
Disk_partitioning_software,5
Executable_file_formats,5
Raster_to_vector_conversion_software,5
Riemann_surfaces,5
Russian-language_computing,5
Unix_process-_and_task-management-related_software,5
Stochastic_calculus,5
Group_automorphisms,5
Robot_control,5
Probability,5
Userspace_file_systems,5
Serverless_computing,5
ARM-based_home_computers,5
Measures_(set_theory),5
Test_items_in_computer_languages,5
Identity_management,5
Neurostimulation,5
Tensors,5
Programming_languages_with_an_ISO_standard,5
Numerical_differential_equations,5
Business_software,5
Hadoop_cluster_administration,5
Audio_recording_software,5
Weakly_NP-complete_problems,5
Static_program_analysis,5
Logic_programming_languages,5
Unix_file_system_technology,5
Agile_software_development,5
Image_stabilization,5
Cayley_graphs,5
Integration_on_manifolds,5
Rectifiers,5
Integer_factorization_algorithms,5
Noise_reduction,5
Cloud_infrastructure,5
